{"data_time": 0.002582019893452525, "eta_seconds": 463.7406057585031, "iteration": 19, "lr": 9.9999118178139e-05, "time": 0.04646699456498027, "total_loss": 9.204209327697754}
{"data_time": 0.001627070945687592, "eta_seconds": 461.25392858404666, "iteration": 39, "lr": 9.999628465857546e-05, "time": 0.046310635400004685, "total_loss": 8.271369457244873}
