{"data_time": 0.0023076270008459687, "eta_seconds": 28.48442514659837, "iteration": 19, "lr": 9.99118437312715e-05, "time": 0.02906573994550854, "total_loss": 9.170764446258545}
{"data_time": 0.0023974603973329067, "eta_seconds": 27.56975758820772, "iteration": 39, "lr": 9.962892576196778e-05, "time": 0.028522648033685982, "total_loss": 8.269643783569336}
{"data_time": 0.00244333955924958, "eta_seconds": 26.916109907906502, "iteration": 59, "lr": 9.915211836755277e-05, "time": 0.028501704917289317, "total_loss": 7.599424123764038}
{"data_time": 0.0024402058916166425, "eta_seconds": 26.334389122202992, "iteration": 79, "lr": 9.848330328897965e-05, "time": 0.0285986065864563, "total_loss": 7.131575107574463}
